mvtec_class,precision_final_at_budget,recall_final_at_budget,f1_final_at_budget,auroc_final,threshold_final_budget,train_good_used
bottle,1.0,0.65625,0.7924528301886793,0.953125,15.543314836767255,188
cable,0.868421052631579,0.717391304347826,0.7857142857142857,0.8703148425787106,26.706927514806086,202
capsule,0.9696969696969697,0.5925925925925926,0.735632183908046,0.8441358024691358,14.368560048390409,197
hazelnut,1.0,0.8,0.8888888888888888,0.9657142857142857,21.498602470573115,352
