params_alpha,params_booster,params_colsample_bytree,params_gamma,params_grow_policy,params_lambda,params_learning_rate,params_max_delta_step,params_max_depth,params_min_child_weight,params_n_estimators,params_normalize_type,params_scale_pos_weight,params_rate_drop,params_sample_type,params_skip_drop,params_subsample,user_attrs_decision_threshold,user_attrs_feature_fraction,user_attrs_resampling_strategy,user_attrs_sample_rows,params_selftrain_max_iter,params_selftrain_threshold,user_attrs_labeled_ratio,user_attrs_missing_rate,soft_risk_preference,soft_decision_speed,cat_value_target,f1_band,f1_midpoint
0.00010203728236745608,gbtree,0.511081373927423,0.01101748452013525,lossguide,0.00010806303213107116,0.4985978833288685,3,12,0.10061598551009322,700,NA,0.5503036000319926,0.0,NA,0.0,0.9993319308092035,0.6859613784613695,0.9989986942990334,none,0.9999015146237947,0,0.9907776814273055,0.9789125126064487,0.0,recall_pref,slow,3,"[0.70, 1.00]",0.85
0.0003055589660856,gbtree,0.4759228074180521,0.5426174976223463,depthwise,0.183406691857664,0.0460038233906489,0,9,0.2561192206127405,1000,NA,3.87615560830254,0.0,NA,0.0,0.9854029847586128,0.6461746435193504,0.9287778377780228,none,0.7150045381763827,0,1.0,1.0,0.0,recall_pref,slow,3,"[0.70, 1.00]",0.85
0.00010241660546851337,gbtree,0.9760451865267473,5.9779103241641245,lossguide,0.00010873020981471296,0.4985566415597814,3,11,0.10014687785462664,400,NA,0.5498833481554394,0.0,NA,0.0,0.99913397511222,0.6858948515408838,0.9989466226464311,none,0.9998397565476935,2,0.9270305187751768,0.9757170480474399,0.0,recall_pref,slow,3,"[0.70, 1.00]",0.85
0.0016135614722544,dart,0.511081373927423,0.011394895083041095,lossguide,0.00010917811156521563,0.4994481022400946,0,11,0.10054113291001496,700,NA,0.6075293418200707,0.008668194229789785,NA,0.0,0.4625942141910386,0.6538052998533728,0.999078653065387,undersample,0.8106623913280607,2,0.9270305187751768,0.9863165008224992,0.1,recall_pref,slow,3,"[0.70, 1.00]",0.85
0.0016135614722544,dart,0.511081373927423,0.012758111348049342,lossguide,0.00010832143723535215,0.4990162962518261,0,11,1.7265225795330923,400,forest,0.54947735659286,0.008967984670518795,weighted,0.0,0.9995329247478235,0.6859355753825351,0.999096402144562,undersample,0.8106623913280607,2,0.9969664199584664,0.9796583116684625,0.0,recall_pref,slow,3,"[0.70, 1.00]",0.85
